<?xml version="1.0" encoding="UTF-8"?>
<configuration scan="false" scanPeriod="60 seconds">
    <include resource="org/springframework/boot/logging/logback/basic.xml" />
    <property name="LOG_PATH" value="${LOG_PATH:-./logs}" />

    <appender name="STDOUT" class="ch.qos.logback.core.ConsoleAppender">
        <encoder>
            <pattern>%d{yyyy-MM-dd HH:mm:ss.SSS} [%thread] %-5level %logger{36}.%M - %msg%n</pattern>
        </encoder>
    </appender>
    <appender name="infoAppender" class="ch.qos.logback.core.rolling.RollingFileAppender">
        <rollingPolicy class="ch.qos.logback.core.rolling.TimeBasedRollingPolicy">
            <fileNamePattern>${LOG_PATH}/info-%d{yyyy-MM-dd}.log</fileNamePattern>
            <MaxHistory>30</MaxHistory>
        </rollingPolicy>
        <encoder>
            <pattern>%d{yyyy-MM-dd HH:mm:ss.SSS} [%thread] %-5level %logger{36}.%M - %msg%n</pattern>
        </encoder>
        <filter class="ch.qos.logback.classic.filter.LevelFilter">
            <level>INFO</level>
            <onMatch>ACCEPT</onMatch>
            <onMismatch>DENY</onMismatch>
        </filter>
    </appender>
    <appender name="errorAppender" class="ch.qos.logback.core.rolling.RollingFileAppender">
        <rollingPolicy class="ch.qos.logback.core.rolling.TimeBasedRollingPolicy">
            <fileNamePattern>${LOG_PATH}/error-%d{yyyy-MM-dd}.log</fileNamePattern>
            <MaxHistory>30</MaxHistory>
        </rollingPolicy>
        <encoder>
            <pattern>%d{yyyy-MM-dd HH:mm:ss.SSS} [%thread] %-5level %logger{36}.%M - %msg%n</pattern>
        </encoder>
        <filter class="ch.qos.logback.classic.filter.LevelFilter">
            <level>ERROR</level>
            <onMatch>ACCEPT</onMatch>
            <onMismatch>DENY</onMismatch>
        </filter>
    </appender>

    <root level="INFO">
        <appender-ref ref="infoAppender"/>
        <appender-ref ref="errorAppender"/>
        <appender-ref ref="STDOUT"/>
    </root>
</configuration>