<?xml version="1.0" encoding="UTF-8"?>
<configuration scan="false" scanPeriod="60 seconds">
  <appender name="STDOUT" class="ch.qos.logback.core.ConsoleAppender">
    <encoder>
      <pattern>%d{yyyy-MM-dd HH:mm:ss.SSS} [%thread] %-5level %logger{36}.%M - %msg%n</pattern>
    </encoder>
  </appender>
  <appender name="orderAppender" class="ch.qos.logback.core.rolling.RollingFileAppender">
    <file>${LOG_PATH}/order.log</file>
    <rollingPolicy class="ch.qos.logback.core.rolling.TimeBasedRollingPolicy">
      <fileNamePattern>order-%d{yyyy-MM-dd}.log</fileNamePattern>
      <MaxHistory>30</MaxHistory>
    </rollingPolicy>
    <encoder>
      <pattern>%d{yyyy-MM-dd HH:mm:ss.SSS} [%thread] %-5level %logger{36}.%M - %msg%n</pattern>
    </encoder>
    <filter class="ch.qos.logback.classic.filter.LevelFilter">
      <level>INFO</level>
      <onMatch>ACCEPT</onMatch>
      <onMismatch>DENY</onMismatch>
    </filter>
  </appender>
  <appender name="payAppender" class="ch.qos.logback.core.rolling.RollingFileAppender">
    <file>${LOG_PATH}/pay.log</file>
    <rollingPolicy class="ch.qos.logback.core.rolling.TimeBasedRollingPolicy">
      <fileNamePattern>pay-%d{yyyy-MM-dd}.log</fileNamePattern>
      <MaxHistory>30</MaxHistory>
    </rollingPolicy>
    <encoder>
      <pattern>%d{yyyy-MM-dd HH:mm:ss.SSS} [%thread] %-5level %logger{36}.%M - %msg%n</pattern>
    </encoder>
    <filter class="ch.qos.logback.classic.filter.LevelFilter">
      <level>INFO</level>
      <onMatch>ACCEPT</onMatch>
      <onMismatch>DENY</onMismatch>
    </filter>
  </appender>
  <appender name="infoAppender" class="ch.qos.logback.core.rolling.RollingFileAppender">
    <file>${LOG_PATH}/info.log</file>
    <rollingPolicy class="ch.qos.logback.core.rolling.TimeBasedRollingPolicy">
      <fileNamePattern>info-%d{yyyy-MM-dd}.log</fileNamePattern>
      <MaxHistory>30</MaxHistory>
    </rollingPolicy>
    <encoder>
      <pattern>%d{yyyy-MM-dd HH:mm:ss.SSS} [%thread] %-5level %logger{36}.%M - %msg%n</pattern>
    </encoder>
    <filter class="ch.qos.logback.classic.filter.LevelFilter">
      <level>INFO</level>
      <onMatch>ACCEPT</onMatch>
      <onMismatch>DENY</onMismatch>
    </filter>
  </appender>

  <appender name="monitorAppender" class="ch.qos.logback.core.rolling.RollingFileAppender">
    <file>${LOG_PATH}/monitor.log</file>
    <rollingPolicy class="ch.qos.logback.core.rolling.TimeBasedRollingPolicy">
      <fileNamePattern>monitor-%d{yyyy-MM-dd}.log</fileNamePattern>
      <MaxHistory>30</MaxHistory>
    </rollingPolicy>
    <encoder>
      <pattern>%d{yyyy-MM-dd HH:mm:ss.SSS} [%thread] %-5level %logger{36}.%M - %msg%n</pattern>
    </encoder>
    <filter class="ch.qos.logback.classic.filter.LevelFilter">
      <level>INFO</level>
      <onMatch>ACCEPT</onMatch>
      <onMismatch>DENY</onMismatch>
    </filter>
  </appender>

  <appender name="debugAppender" class="ch.qos.logback.core.rolling.RollingFileAppender">
    <file>${LOG_PATH}/debug.log</file>
    <rollingPolicy class="ch.qos.logback.core.rolling.TimeBasedRollingPolicy">
      <fileNamePattern>debug-%d{yyyy-MM-dd}.log</fileNamePattern>
      <MaxHistory>30</MaxHistory>
    </rollingPolicy>
    <encoder>
      <pattern>%d{yyyy-MM-dd HH:mm:ss.SSS} [%thread] %-5level %logger{36}.%M - %msg%n</pattern>
    </encoder>
    <filter class="ch.qos.logback.classic.filter.LevelFilter">
      <level>DEBUG</level>
      <onMatch>ACCEPT</onMatch>
      <onMismatch>DENY</onMismatch>
    </filter>
  </appender>
  <appender name="warnAppender" class="ch.qos.logback.core.rolling.RollingFileAppender">
    <file>${LOG_PATH}/warn.log</file>
    <rollingPolicy class="ch.qos.logback.core.rolling.TimeBasedRollingPolicy">
      <fileNamePattern>warn-%d{yyyy-MM-dd}.log</fileNamePattern>
      <MaxHistory>30</MaxHistory>
    </rollingPolicy>
    <encoder>
      <pattern>%d{yyyy-MM-dd HH:mm:ss.SSS} [%thread] %-5level %logger{36}.%M - %msg%n</pattern>
    </encoder>
    <filter class="ch.qos.logback.classic.filter.LevelFilter">
      <level>WARN</level>
      <onMatch>ACCEPT</onMatch>
      <onMismatch>DENY</onMismatch>
    </filter>
  </appender>

  <appender name="errorAppender" class="ch.qos.logback.core.rolling.RollingFileAppender">
    <file>${LOG_PATH}/error.log</file>
    <rollingPolicy class="ch.qos.logback.core.rolling.TimeBasedRollingPolicy">
      <fileNamePattern>error-%d{yyyy-MM-dd}.log</fileNamePattern>
      <MaxHistory>30</MaxHistory>
    </rollingPolicy>
    <encoder>
      <pattern>%d{yyyy-MM-dd HH:mm:ss.SSS} [%thread] %-5level %logger{36}.%M - %msg%n</pattern>
    </encoder>
    <filter class="ch.qos.logback.classic.filter.LevelFilter">
      <level>ERROR</level>
      <onMatch>ACCEPT</onMatch>
      <onMismatch>DENY</onMismatch>
    </filter>
  </appender>

  <logger name="org.springframework" additivity="false">
    <level value="ERROR"/>
    <appender-ref ref="STDOUT"/>
    <appender-ref ref="errorAppender"/>
  </logger>
  <logger name="org.apache.tomcat.util" additivity="false">
    <level value="ERROR"/>
    <appender-ref ref="STDOUT"/>
    <appender-ref ref="errorAppender"/>
  </logger>
  <logger name="org.hibernate.validator" additivity="false">
    <level value="ERROR"/>
    <appender-ref ref="STDOUT"/>
    <appender-ref ref="errorAppender"/>
  </logger>
  <include resource="org/springframework/boot/logging/logback/console-appender.xml"/>
  <logger name="jdbc.sqlonly" level="info">
  </logger>
  <logger name="jdbc.audit" level="OFF">
  </logger>
  <logger name="jdbc.resultset" level="OFF">
  </logger>
  <logger name="jdbc.connection" level="OFF">
  </logger>
  <logger name="jdbc.sqltiming" level="OFF">
    <appender-ref ref="CONSOLE"/>
  </logger>
  <root level="INFO">
    <appender-ref ref="infoAppender"/>
    <appender-ref ref="debugAppender"/>
    <appender-ref ref="warnAppender"/>
    <appender-ref ref="errorAppender"/>
    <appender-ref ref="payAppender"/>
    <appender-ref ref="STDOUT"/>
  </root>
</configuration>