{
  "product": {
    "min_rent_time": 2,
    "product_id": "RENT-170616-114814733-0C8B82",
    "price_day": 10.0,
    "price_hour": 2.1,
    "game_login_password": "123",
    "guarantee_deposit": 0.0,
    "game_partition_id": "255253",
    "game_name": "穿越火线：枪战王者",
    "verify_time": null,
    "info": "",
    "id": 7,
    "seller_uid": 1,
    "pics": [
      {
        "id": 13,
        "product_id": "RENT-170616-114814733-0C8B82",
        "c_time": "2017-06-16 11:48:14",
        "type": 1,
        "pic_url": "http://zeus8868.img-cn-shenzhen.aliyuncs.com/RENT_12345/1497522583165?x-oss-process=style/watermark.jpg"
      },
      {
        "id": 15,
        "product_id": "RENT-170616-114814733-0C8B82",
        "c_time": "2017-06-16 17:31:14",
        "type": 1,
        "pic_url": "http://zeus8868.img-cn-shenzhen.aliyuncs.com/ORD-170111-11001755219/1484104070555@70p_70Q.jpg"
      },
      {
        "id": 17,
        "product_id": "RENT-170616-114814733-0C8B82",
        "c_time": "2017-06-16 17:31:31",
        "type": 1,
        "pic_url": "http://zeus8868.img-cn-shenzhen.aliyuncs.com/ORD-170111-11000877925/1484104243700@70p_70Q.jpg"
      }
    ],
    "validity": 7,
    "name": "1",
    "game_id": "2022",
    "sell_pid": "SELL-PID-170616-114814738-9FABB7",
    "modify_time": "2017-06-16 11:48:14",
    "channel_name": "8868客户端",
    "game_role_name": "",
    "extern_properties": [
      {
        "prop_name": "扩展1",
        "prop_value": "",
        "prop_key": "key1"
      },
      {
        "prop_name": "扩展2",
        "prop_value": "",
        "prop_key": "key2"
      }
    ],
    "status": 7,
    "channel_id": "20",
    "game_user_level": "",
    "game_pic": "http://img1.8868.com/image_service/image_data/255/153/da696b76f573b770920a18c213fa29fe.png",
    "game_login_id": "123",
    "offsale_time": null,
    "create_time": "2017-06-16 11:48:14",
    "onsale_time": "2017-06-16 11:48:14",
    "game_partition_name": "安卓QQ区",
    "forbidden": ""
  }
}