<?xml version="1.0" encoding="UTF-8"?>
<assembly>
	<id>bin</id>
	<formats>
		<format>zip</format>
	</formats>
	<dependencySets>
		<dependencySet>
			<useProjectArtifact>true</useProjectArtifact>
			<outputDirectory>lib</outputDirectory>
		</dependencySet>
	</dependencySets>
	<fileSets>
		<fileSet>
			<outputDirectory>/</outputDirectory>
			<includes>
				<include>README.txt</include>
			</includes>
		</fileSet>
		<fileSet>
			<directory>/src/main/resource</directory>
			<outputDirectory>/bin</outputDirectory>
			<includes>
				<include>*.*</include>
			</includes>
		</fileSet>
	</fileSets>
</assembly>